/*
SQLyog Community v12.4.3 (64 bit)
MySQL - 5.1.73 : Database - SIS_APLIKASI
*********************************************************************
*/

/*!40101 SET NAMES utf8 */;

/*!40101 SET SQL_MODE=''*/;

/*!40014 SET @OLD_UNIQUE_CHECKS=@@UNIQUE_CHECKS, UNIQUE_CHECKS=0 */;
/*!40014 SET @OLD_FOREIGN_KEY_CHECKS=@@FOREIGN_KEY_CHECKS, FOREIGN_KEY_CHECKS=0 */;
/*!40101 SET @OLD_SQL_MODE=@@SQL_MODE, SQL_MODE='NO_AUTO_VALUE_ON_ZERO' */;
/*!40111 SET @OLD_SQL_NOTES=@@SQL_NOTES, SQL_NOTES=0 */;
CREATE DATABASE /*!32312 IF NOT EXISTS*/`SIS_APLIKASI` /*!40100 DEFAULT CHARACTER SET utf8 */;

USE `SIS_APLIKASI`;

/*Table structure for table `SIS_ACL` */

DROP TABLE IF EXISTS `SIS_ACL`;

CREATE TABLE `SIS_ACL` (
  `V_GROUP_ID` varchar(42) DEFAULT NULL,
  `V_ACL_ID` varchar(42) DEFAULT NULL,
  `V_SUB_ID` varchar(36) DEFAULT NULL,
  `V_CREATE` varchar(3) DEFAULT NULL,
  `V_UPDATE` varchar(3) DEFAULT NULL,
  `V_DELETE` varchar(3) DEFAULT NULL,
  `V_APPROVE` varchar(3) DEFAULT NULL,
  `V_NO_APPL` varchar(12) DEFAULT NULL
) ENGINE=MyISAM DEFAULT CHARSET=utf8;

/*Data for the table `SIS_ACL` */

insert  into `SIS_ACL`(`V_GROUP_ID`,`V_ACL_ID`,`V_SUB_ID`,`V_CREATE`,`V_UPDATE`,`V_DELETE`,`V_APPROVE`,`V_NO_APPL`) values 
('15100209170028','02091700280000','010000000000','','','','','0003'),
('15100209170028','02091700280001','020000000000','','','','','0003'),
('15100209170028','02091700280002','020500000000','1','1','1','1','0003'),
('15100209170028','02091700280003','020900000000','1','1','1','1','0003'),
('16010404290048','04042900480000','010000000000','','','','','0003'),
('16010404290048','04042900480001','020000000000','','','','','0003'),
('16010404290048','04042900480002','020300000000','1','1','1','1','0003'),
('16010404290048','04042900480003','020700000000','1','1','1','1','0003'),
('16010511160049','05111600490000','010000000000','','','','','0003'),
('16010511160049','05111600490001','020000000000','','','','','0003'),
('16010511160049','05111600490002','020400000000','1','1','1','1','0003'),
('16010511160049','05111600490003','020800000000','1','1','1','1','0003'),
('17011011480082','10114800820000','010000000000','','','','','0003'),
('17011011480082','10114800820001','020000000000','1','1','1','1','0003'),
('17011011480082','10114800820002','020200000000','1','1','1','1','0003'),
('17011011480082','10114800820003','021000000000','1','1','1','1','0003'),
('16071402180078','14021800780000','010000000000','','1','','1','0003'),
('16071402180078','14021800780001','020000000000','','1','','1','0003'),
('16071402180078','14021800780002','020200000000','','1','','1','0003'),
('16071402180078','14021800780003','020300000000','','1','','1','0003'),
('16071402180078','14021800780004','020400000000','','1','','1','0003'),
('16071402180078','14021800780005','020500000000','','1','','1','0003'),
('16071402180078','14021800780006','020100000000','','1','','1','0003'),
('16071402180078','14021800780007','030000000000','','1','','1','0003'),
('16071402180078','14021800780008','030100000000','','1','','1','0003'),
('16071402180078','14021800780009','030200000000','','1','','1','0003'),
('16071402180078','14021800780010','030300000000','','1','','1','0003'),
('16071402180078','14021800780011','040000000000','','1','','1','0003'),
('16071402180078','14021800780012','040100000000','','1','','1','0003'),
('16071402180078','14021800780013','040200000000','','1','','1','0003'),
('16071402180078','14021800780014','040400000000','','1','','1','0003'),
('16071402180078','14021800780015','040500000000','','1','','1','0003'),
('16071402180078','14021800780016','050000000000','','1','','1','0003'),
('16071402180078','14021800780017','060000000000','','1','','1','0003'),
('16071402180078','14021800780018','070000000000','','1','','1','0003'),
('16071402180078','14021800780019','070100000000','','1','','1','0003'),
('16071402180078','14021800780020','070200000000','','1','','1','0003'),
('16071402180078','14021800780021','070300000000','','1','','1','0003'),
('16071402180078','14021800780022','080000000000','','1','','1','0003'),
('16071402180078','14021800780023','080700000000','','1','','1','0003'),
('16071402180078','14021800780024','080800000000','','1','','1','0003'),
('16071402180078','14021800780025','080600000000','','1','','1','0003'),
('16071402180078','14021800780026','080400000000','','1','','1','0003'),
('16071402180078','14021800780027','080300000000','','1','','1','0003'),
('16071402180078','14021800780028','080200000000','','1','','1','0003'),
('16071402180078','14021800780029','080100000000','','1','','1','0003'),
('16071402180078','14021800780030','081000000000','','1','','1','0003'),
('16071402180078','14021800780031','081300000000','','1','','1','0003'),
('16071402180078','14021800780032','081400000000','','1','','1','0003'),
('16071402180078','14021800780033','081500000000','','1','','1','0003'),
('16071402180078','14021800780034','081600000000','','1','','1','0003'),
('16071402180078','14021800780035','081700000000','','1','','1','0003'),
('16071402180078','14021800780036','081800000000','','1','','1','0003'),
('16071402180078','14021800780037','081900000000','','1','','1','0003'),
('16071402180078','14021800780038','082000000000','','1','','1','0003'),
('16071402180078','14021800780039','082100000000','','1','','1','0003'),
('16071402180078','14021800780040','082200000000','','1','','1','0003'),
('16071402180078','14021800780041','082300000000','','1','','1','0003'),
('16071402180078','14021800780042','082400000000','','1','','1','0003'),
('16071402180078','14021800780043','082500000000','','1','','1','0003'),
('16071402180078','14021800780044','082700000000','','1','','1','0003'),
('16071402180078','14021800780045','082600000000','','1','','1','0003'),
('16071402180078','14021800780046','082800000000','','1','','1','0003'),
('16071402180078','14021800780047','080500000000','','1','','1','0003'),
('16071402180078','14021800780048','080900000000','','1','','1','0003'),
('16071402180078','14021800780049','081100000000','','1','','1','0003'),
('16071402180078','14021800780050','081200000000','','1','','1','0003'),
('16071402180078','14021800780051','082900000000','','1','','1','0003'),
('16071402180078','14021800780052','083000000000','','1','','1','0003'),
('16071402180078','14021800780053','083100000000','','1','','1','0003'),
('16071402180078','14021800780054','083200000000','','1','','1','0003'),
('16071402180078','14021800780055','083300000000','','1','','1','0003'),
('16071402180078','14021800780056','083400000000','','1','','1','0003'),
('16071402180078','14021800780057','083500000000','','1','','1','0003'),
('16071402180078','14021800780058','083600000000','','1','','1','0003'),
('16071402180078','14021800780059','090000000000','','1','','1','0003'),
('16071402180078','14021800780060','090100000000','','1','','1','0003'),
('16071402180078','14021800780061','090500000000','','1','','1','0003'),
('16071402180078','14021800780062','090600000000','','1','','1','0003'),
('16071402180078','14021800780063','090700000000','','1','','1','0003'),
('16071402180078','14021800780064','090800000000','','1','','1','0003'),
('16071402180078','14021800780065','090400000000','','1','','1','0003'),
('16071402180078','14021800780066','090300000000','','1','','1','0003'),
('16071402180078','14021800780067','090200000000','','1','','1','0003'),
('16071402180078','14021800780068','100000000000','','1','','1','0003'),
('16071402180078','14021800780069','100100000000','','1','','1','0003'),
('16071402180078','14021800780070','100200000000','','1','','1','0003'),
('16071402180078','14021800780071','100300000000','','1','','1','0003'),
('16071402180078','14021800780072','100400000000','','1','','1','0003'),
('16071402180078','14021800780073','100500000000','','1','','1','0003'),
('16071402180078','14021800780074','100600000000','','1','','1','0003'),
('16071402180078','14021800780075','100700000000','','1','','1','0003'),
('16071402180078','14021800780076','100800000000','','1','','1','0003'),
('16071402180078','14021800780077','100900000000','','1','','1','0003'),
('15061608470027','16084700270000','010000000000','','','','','0003'),
('15061608470027','16084700270001','070000000000','','','','1','0003'),
('15061608470027','16084700270002','070100000000','','','','1','0003'),
('15061608470027','16084700270003','070200000000','','','','1','0003'),
('15061608470027','16084700270004','070300000000','','','','1','0003'),
('15051804190012','18041900120000','010000000000','1','1','1','1','0003'),
('15051804190012','18041900120001','020000000000','1','1','1','1','0003'),
('15051804190012','18041900120002','020200000000','1','1','1','1','0003'),
('15051804190012','18041900120003','021000000000','1','1','1','1','0003'),
('15051804190012','18041900120004','030000000000','1','1','1','1','0003'),
('15051804190012','18041900120005','040000000000','','1','1','','0003'),
('15051804190012','18041900120006','040400000000','','1','1','','0003'),
('15051804190012','18041900120007','040500000000','','1','1','','0003'),
('15051804190012','18041900120008','060000000000','','1','1','','0003'),
('15051804190012','18041900120009','070000000000','1','1','1','1','0003'),
('15051804190012','18041900120010','070100000000','1','1','','1','0003'),
('15051804190012','18041900120011','070200000000','1','','','1','0003'),
('15051804190012','18041900120012','070300000000','1','','','1','0003'),
('15051804190012','18041900120013','070400000000','1','1','1','1','0003'),
('15051804190012','18041900120014','080000000000','','','','','0003'),
('15051804190012','18041900120015','080300000000','1','1','1','','0003'),
('15051804190012','18041900120016','080100000000','1','1','1','','0003'),
('15051804190012','18041900120017','080200000000','1','1','1','','0003'),
('15051804190012','18041900120018','081000000000','1','1','1','','0003'),
('15051804190012','18041900120019','080700000000','1','1','1','','0003'),
('15051804190012','18041900120020','080800000000','1','1','1','','0003'),
('15051804190012','18041900120021','080400000000','1','1','1','','0003'),
('15051804190012','18041900120022','081300000000','1','1','1','','0003'),
('15051804190012','18041900120023','081400000000','1','1','1','','0003'),
('15051804190012','18041900120024','081500000000','1','1','1','','0003'),
('15051804190012','18041900120025','081700000000','1','1','1','','0003'),
('15051804190012','18041900120026','081800000000','1','1','1','','0003'),
('15051804190012','18041900120027','081900000000','1','1','1','','0003'),
('15051804190012','18041900120028','082000000000','1','1','1','','0003'),
('15051804190012','18041900120029','082100000000','1','1','1','','0003'),
('15051804190012','18041900120030','082200000000','1','1','1','','0003'),
('15051804190012','18041900120031','082300000000','1','1','1','','0003'),
('15051804190012','18041900120032','082700000000','1','1','1','','0003'),
('15051804190012','18041900120033','082600000000','1','1','1','','0003'),
('15051804190012','18041900120034','082800000000','1','1','1','','0003'),
('15051804190012','18041900120035','081200000000','1','1','1','','0003'),
('15051804190012','18041900120036','081100000000','1','1','1','','0003'),
('15051804190012','18041900120037','080500000000','1','1','1','','0003'),
('15051804190012','18041900120038','080900000000','1','1','1','','0003'),
('15051804190012','18041900120039','090000000000','1','1','1','','0003'),
('15051804190012','18041900120040','090100000000','1','1','1','','0003'),
('15051804190012','18041900120041','090500000000','1','1','1','','0003'),
('15051804190012','18041900120042','090600000000','1','1','1','','0003'),
('15051804190012','18041900120043','090700000000','1','1','1','','0003'),
('15051804190012','18041900120044','090800000000','1','1','1','','0003'),
('15051804190012','18041900120045','090400000000','1','1','1','','0003'),
('15051804190012','18041900120046','090300000000','1','1','1','','0003'),
('15051804190012','18041900120047','090200000000','1','1','1','','0003'),
('15051804190012','18041900120048','100000000000','1','1','1','','0003'),
('15051804190012','18041900120049','100100000000','1','1','1','','0003'),
('15051804190012','18041900120050','100200000000','1','1','1','1','0003'),
('15051804190012','18041900120051','100300000000','1','1','1','1','0003'),
('15051804190012','18041900120052','100400000000','1','1','1','1','0003'),
('15051804190012','18041900120053','100500000000','1','1','1','1','0003'),
('15051804190012','18041900120054','100600000000','1','1','1','1','0003'),
('15051804190012','18041900120055','100700000000','1','1','1','1','0003'),
('15051804190012','18041900120056','100800000000','1','1','1','1','0003'),
('15051804190012','18041900120057','100900000000','1','1','1','1','0003'),
('15051804210012','18042100120000','010000000000','','','','','0003'),
('15051804210012','18042100120001','020000000000','1','1','1','','0003'),
('15051804210012','18042100120002','020100000000','1','1','1','','0003'),
('15051804210012','18042100120003','020600000000','1','1','1','','0003'),
('15051804210012','18042100120004','030000000000','','','','','0003'),
('15051804210012','18042100120005','030200000000','','1','','','0003'),
('15051804210012','18042100120006','040000000000','','','','','0003'),
('15051804210012','18042100120007','040100000000','1','1','1','','0003'),
('15051804210012','18042100120008','040200000000','1','1','1','','0003'),
('15051804210012','18042100120009','050000000000','1','1','1','','0003'),
('15051804230012','18042300120000','010000000000','1','1','1','1','0003'),
('15051804230012','18042300120001','020000000000','1','1','1','','0003'),
('15051804230012','18042300120002','020200000000','1','1','1','','0003'),
('15051804230012','18042300120003','021000000000','1','1','1','1','0003'),
('15051804230012','18042300120004','030000000000','','','','','0003'),
('15051804230012','18042300120005','040000000000','','','','','0003'),
('15051804230012','18042300120006','040400000000','1','1','1','','0003'),
('15051804230012','18042300120007','040500000000','1','1','1','','0003'),
('15051804230012','18042300120008','060000000000','','1','1','','0003'),
('15051804230012','18042300120009','070000000000','','','','','0003'),
('15051804230012','18042300120010','070100000000','1','1','1','1','0003'),
('15051804230012','18042300120011','070200000000','1','1','1','1','0003'),
('15051804230012','18042300120012','070300000000','1','1','1','1','0003'),
('15051804230012','18042300120013','070400000000','1','1','1','1','0003'),
('15051804230012','18042300120014','080000000000','','','','','0003'),
('15051804230012','18042300120015','080300000000','1','1','1','1','0003'),
('15051804230012','18042300120016','080100000000','1','1','1','1','0003'),
('15051804230012','18042300120017','080200000000','1','1','1','1','0003'),
('15051804230012','18042300120018','081000000000','1','1','1','1','0003'),
('15051804230012','18042300120019','080700000000','','1','1','1','0003'),
('15051804230012','18042300120020','080800000000','1','1','1','1','0003'),
('15051804230012','18042300120021','080400000000','1','1','1','1','0003'),
('15051804230012','18042300120022','081300000000','1','1','1','1','0003'),
('15051804230012','18042300120023','081400000000','1','1','1','1','0003'),
('15051804230012','18042300120024','081500000000','1','1','1','','0003'),
('15051804230012','18042300120025','081700000000','1','1','1','','0003'),
('15051804230012','18042300120026','081800000000','1','1','1','','0003'),
('15051804230012','18042300120027','081900000000','1','1','1','','0003'),
('15051804230012','18042300120028','082000000000','1','1','1','','0003'),
('15051804230012','18042300120029','082100000000','1','1','1','','0003'),
('15051804230012','18042300120030','082200000000','1','1','1','','0003'),
('15051804230012','18042300120031','082300000000','1','1','1','','0003'),
('15051804230012','18042300120032','082700000000','1','1','1','','0003'),
('15051804230012','18042300120033','082600000000','1','1','1','','0003'),
('15051804230012','18042300120034','082800000000','1','1','1','','0003'),
('15051804230012','18042300120035','081200000000','1','1','1','1','0003'),
('15051804230012','18042300120036','081100000000','1','1','1','1','0003'),
('15051804230012','18042300120037','080500000000','1','1','1','1','0003'),
('15051804230012','18042300120038','080900000000','1','1','1','1','0003'),
('15051804230012','18042300120039','082900000000','1','1','1','1','0003'),
('15051804230012','18042300120040','083000000000','1','1','1','1','0003'),
('15051804230012','18042300120041','083100000000','1','1','1','1','0003'),
('15051804230012','18042300120042','083200000000','1','1','1','1','0003'),
('15051804230012','18042300120043','083300000000','1','1','1','1','0003'),
('15051804230012','18042300120044','083400000000','1','1','1','1','0003'),
('15051804230012','18042300120045','083500000000','1','1','1','1','0003'),
('15051804230012','18042300120046','083600000000','1','1','1','1','0003'),
('15051804230012','18042300120047','090000000000','','','','','0003'),
('15051804230012','18042300120048','090100000000','1','1','1','','0003'),
('15051804230012','18042300120049','090500000000','1','1','1','1','0003'),
('15051804230012','18042300120050','090600000000','1','1','1','1','0003'),
('15051804230012','18042300120051','090700000000','1','1','1','1','0003'),
('15051804230012','18042300120052','090800000000','1','1','1','1','0003'),
('15051804230012','18042300120053','090400000000','1','1','1','1','0003'),
('15051804230012','18042300120054','090300000000','1','1','1','1','0003'),
('15051804230012','18042300120055','090200000000','1','1','1','','0003'),
('15051804230012','18042300120056','100000000000','1','1','1','','0003'),
('15051804230012','18042300120057','100100000000','1','1','1','','0003'),
('15051804230012','18042300120058','100200000000','1','1','1','','0003'),
('15051804230012','18042300120059','100300000000','1','1','1','','0003'),
('15051804230012','18042300120060','100400000000','1','1','1','','0003'),
('15051804230012','18042300120061','100500000000','1','1','1','','0003'),
('15051804230012','18042300120062','100600000000','1','1','1','','0003'),
('15051804230012','18042300120063','100700000000','1','1','1','','0003'),
('15051804230012','18042300120064','100800000000','1','1','1','','0003'),
('15051804230012','18042300120065','100900000000','1','1','1','','0003'),
('16052510090077','25100900770000','010000000000','','','','','0003'),
('16052510090077','25100900770001','030000000000','1','1','1','1','0003'),
('16052510090077','25100900770002','030600000000','1','1','1','1','0003');

/*Table structure for table `SIS_APPL` */

DROP TABLE IF EXISTS `SIS_APPL`;

CREATE TABLE `SIS_APPL` (
  `V_NO_APPL` varchar(4) NOT NULL,
  `V_NM_APPL` varchar(50) DEFAULT NULL,
  `V_ROOT_LOCATION` varchar(255) DEFAULT NULL,
  `V_URL` varchar(255) DEFAULT NULL,
  `V_ALIAS` varchar(255) DEFAULT NULL,
  `V_STATUS` char(1) DEFAULT NULL,
  PRIMARY KEY (`V_NO_APPL`)
) ENGINE=InnoDB DEFAULT CHARSET=utf8;

/*Data for the table `SIS_APPL` */

insert  into `SIS_APPL`(`V_NO_APPL`,`V_NM_APPL`,`V_ROOT_LOCATION`,`V_URL`,`V_ALIAS`,`V_STATUS`) values 
('0013','SIMA','/apps/sima','10.210.1.204/sima','sima','1');

/*Table structure for table `SIS_GROUP` */

DROP TABLE IF EXISTS `SIS_GROUP`;

CREATE TABLE `SIS_GROUP` (
  `V_GROUP_ID` varchar(14) NOT NULL,
  `V_GROUP_NAME` varchar(100) DEFAULT NULL,
  `V_NO_APPL` varchar(4) NOT NULL,
  PRIMARY KEY (`V_GROUP_ID`,`V_NO_APPL`),
  KEY `FK_SIS_NO_APPL` (`V_NO_APPL`),
  CONSTRAINT `FK_SIS_NO_APPL` FOREIGN KEY (`V_NO_APPL`) REFERENCES `SIS_APPL` (`V_NO_APPL`) ON UPDATE CASCADE
) ENGINE=InnoDB DEFAULT CHARSET=utf8;

/*Data for the table `SIS_GROUP` */

insert  into `SIS_GROUP`(`V_GROUP_ID`,`V_GROUP_NAME`,`V_NO_APPL`) values 
('15051804190012','Admin SIMA','0013'),
('15051804210012','End User','0013'),
('15051804230012','Petugas ','0013');

/*Table structure for table `SIS_MENU` */

DROP TABLE IF EXISTS `SIS_MENU`;

CREATE TABLE `SIS_MENU` (
  `V_SUB1_ID` varchar(2) NOT NULL,
  `V_SUB2_ID` varchar(2) NOT NULL,
  `V_SUB3_ID` varchar(2) NOT NULL,
  `V_SUB4_ID` varchar(2) NOT NULL,
  `V_SUB5_ID` varchar(2) NOT NULL,
  `V_SUB6_ID` varchar(2) NOT NULL,
  `N_URUTAN` decimal(10,0) DEFAULT NULL,
  `V_JUDUL` varchar(255) DEFAULT NULL,
  `V_LINK` varchar(255) DEFAULT NULL,
  `V_SCRIPT_ID` varchar(14) DEFAULT NULL,
  `T_TGL_AWAL` date DEFAULT NULL,
  `T_TGL_AKHIR` date DEFAULT NULL,
  `V_STATUS` varchar(1) DEFAULT NULL,
  `V_NO_APPL` varchar(4) NOT NULL,
  PRIMARY KEY (`V_SUB1_ID`,`V_SUB2_ID`,`V_SUB3_ID`,`V_SUB4_ID`,`V_SUB5_ID`,`V_SUB6_ID`,`V_NO_APPL`),
  KEY `FK_SIS_NO_APPL2` (`V_NO_APPL`),
  CONSTRAINT `FK_SIS_NO_APPL2` FOREIGN KEY (`V_NO_APPL`) REFERENCES `SIS_APPL` (`V_NO_APPL`) ON UPDATE CASCADE
) ENGINE=InnoDB DEFAULT CHARSET=utf8;

/*Data for the table `SIS_MENU` */

insert  into `SIS_MENU`(`V_SUB1_ID`,`V_SUB2_ID`,`V_SUB3_ID`,`V_SUB4_ID`,`V_SUB5_ID`,`V_SUB6_ID`,`N_URUTAN`,`V_JUDUL`,`V_LINK`,`V_SCRIPT_ID`,`T_TGL_AWAL`,`T_TGL_AKHIR`,`V_STATUS`,`V_NO_APPL`) values 
('01','00','00','00','00','00',1,'Tabel Acuan','#','17012308444187','2017-01-23','2017-12-12','1','0013'),
('01','01','00','00','00','00',2,'Kelompok Standar','kelompok_standar','17012308461572','2017-01-23','2017-12-12','1','0013'),
('01','02','00','00','00','00',1,'Kelompok Standar SPMI','kelompok_spmi','17012308471080','2017-01-23','2017-12-12','1','0013'),
('01','03','00','00','00','00',3,'Bagian Pertanyaan','bag_pertanyaan','17012309435594','2017-01-23','2017-12-12','1','0013'),
('01','04','00','00','00','00',4,'Kelompok Pertanyaan','kel_pertanyaan','17012309442418','2017-01-23','2017-12-12','1','0013'),
('01','05','00','00','00','00',5,'Pertanyaan','pertanyaan','17012309445161','2017-01-23','2017-12-12','1','0013'),
('01','06','00','00','00','00',6,'Jenis Jawaban','jenis_jawaban','17012309452051','2017-01-23','2017-12-12','1','0013'),
('01','08','00','00','00','00',8,'Jenis Auditee','jenis_auditee','17013101440749','2017-01-31','3000-01-31','1','0013'),
('01','09','00','00','00','00',9,'Pernyataan','pernyataan','17031403082579','1970-01-01','3333-12-21','1','0013'),
('01','10','00','00','00','00',10,'Pilihan Jawaban','konfigurasi_pilihan_jawaban','17012310241759','2017-01-23','3000-01-23','1','0013'),
('02','00','00','00','00','00',3,'Konfigurasi','#','17012309481764','2017-01-23','3000-02-23','1','0013'),
('02','01','00','00','00','00',1,'Konf. Periode','konfigurasi_periode','17012310211367','2017-01-23','3000-01-23','1','0013'),
('02','02','00','00','00','00',2,'Konf. Periode Auditor','konfigurasi_periode_auditor','17012310232954','2017-01-23','3000-01-23','1','0013'),
('02','04','00','00','00','00',4,'Konfigurasi Auditee','konfigurasi_auditee','17013102232085','2016-11-11','2222-11-11','1','0013'),
('03','00','00','00','00','00',4,'AMI','#','17012310523439','2017-01-23','3000-01-23','1','0013'),
('03','01','00','00','00','00',1,'Generate Form ','generate_form','17040503542639','1990-12-31','3333-12-31','1','0013'),
('03','02','00','00','00','00',2,'Assign Prodi/Unit','assign_prodi','17040503550482','1678-12-31','3333-12-31','1','0013'),
('03','03','00','00','00','00',3,'Formulir AMI-Auditee','formulir_ami_auditee','17040503553812','1234-12-31','3333-12-21','1','0013'),
('03','04','00','00','00','00',4,'Formulir AMI-Auditor','formulir_ami_auditor','17040503560884','1234-12-21','3333-12-31','1','0013'),
('03','05','00','00','00','00',5,'Formulir AMI-Final ','formulir_ami_final','17040503563456','1234-12-21','3333-12-21','1','0013');

/*Table structure for table `SIS_USER` */

DROP TABLE IF EXISTS `SIS_USER`;

CREATE TABLE `SIS_USER` (
  `V_USERNAME` varchar(100) NOT NULL,
  `V_PASSWORD` varchar(50) DEFAULT NULL,
  `N_ISADMIN` decimal(10,0) DEFAULT NULL,
  `V_NAME` varchar(100) DEFAULT NULL,
  `V_STATUS` varchar(1) DEFAULT NULL,
  `T_TGL_LOGIN` timestamp NOT NULL DEFAULT CURRENT_TIMESTAMP ON UPDATE CURRENT_TIMESTAMP,
  `V_NO_APPL` varchar(4) NOT NULL,
  PRIMARY KEY (`V_USERNAME`,`V_NO_APPL`)
) ENGINE=InnoDB DEFAULT CHARSET=utf8;

/*Data for the table `SIS_USER` */

insert  into `SIS_USER`(`V_USERNAME`,`V_PASSWORD`,`N_ISADMIN`,`V_NAME`,`V_STATUS`,`T_TGL_LOGIN`,`V_NO_APPL`) values 
('',NULL,0,'Hartanto Soebeno','1','2017-03-02 09:02:33','0013'),
('7314012@student.unpar.ac.id',NULL,1,'Melinda Nur Abianti','1','2017-08-11 08:55:39','0013'),
('7314015@student.unpar.ac.id',NULL,1,'Marchella Metta Dharma','1','2017-08-11 08:56:28','0013'),
('7314033@student.unpar.ac.id',NULL,1,'Prayogo Cendra','1','2017-08-11 08:56:28','0013'),
('7314041@student.unpar.ac.id',NULL,1,'Keenan A Leman','1','2017-08-10 17:50:55','13'),
('arieic@unpar.ac.id',NULL,0,'Arie Indra Chandra','1','2017-03-02 08:26:08','0013'),
('avinpratama@unpar.ac.id','password',1,'Erdiavin Pratama','1','2017-02-17 14:20:17','0013'),
('bti@unpar.ac.id',NULL,1,'BTI Unpar','1','2017-02-21 00:00:00','0013'),
('chandradst@unpar.ac.id',NULL,0,'Chandra Utama','1','2017-03-02 08:17:57','0013'),
('nhafisah@unpar.ac.id','',1,'Nurisya Hafisah','1','2017-03-01 08:58:03','0013'),
('publikasi@unpar.ac.id','',0,'publikasi',NULL,'2017-02-02 09:52:33','0013'),
('ridoy.sirait@unpar.ac.id','',1,'Ridoy ED SIrait','1','2017-03-08 15:02:35','0013'),
('rudibherdiana@unpar.ac.id','1234',1,'Rudi Bambang','1','2017-01-25 09:01:39','0013'),
('tigor.nugroho@unpar.ac.id','',0,'Tigor N P','1','2017-03-08 15:01:43','0013'),
('yuliaty@unpar.ac.id',NULL,0,'Tety Yuliaty','1','2017-03-02 08:12:03','0013');

/*Table structure for table `SIS_USER_GROUP` */

DROP TABLE IF EXISTS `SIS_USER_GROUP`;

CREATE TABLE `SIS_USER_GROUP` (
  `V_USERNAME` varchar(100) NOT NULL,
  `V_GROUP_ID` varchar(14) NOT NULL,
  `V_NO_APPL` varchar(4) NOT NULL,
  `V_KODE_UNIT` char(4) DEFAULT NULL,
  PRIMARY KEY (`V_USERNAME`,`V_GROUP_ID`,`V_NO_APPL`),
  KEY `FK_SIS_USER_GROUP_1` (`V_GROUP_ID`,`V_NO_APPL`),
  CONSTRAINT `FK_SIS_USER_GROUP_1` FOREIGN KEY (`V_GROUP_ID`, `V_NO_APPL`) REFERENCES `SIS_GROUP` (`V_GROUP_ID`, `V_NO_APPL`)
) ENGINE=InnoDB DEFAULT CHARSET=utf8;

/*Data for the table `SIS_USER_GROUP` */

insert  into `SIS_USER_GROUP`(`V_USERNAME`,`V_GROUP_ID`,`V_NO_APPL`,`V_KODE_UNIT`) values 
('7314012@student.unpar.ac.id','15051804190012','0013','0000'),
('7314012@student.unpar.ac.id','15051804210012','0013','0000'),
('7314015@student.unpar.ac.id','15051804190012','0013','0000'),
('7314015@student.unpar.ac.id','15051804210012','0013','0000'),
('7314033@student.unpar.ac.id','15051804190012','0013','0000'),
('7314033@student.unpar.ac.id','15051804210012','0013','0000'),
('7314041@student.unpar.ac.id','15051804190012','0013','0000'),
('7314041@student.unpar.ac.id','15051804210012','0013','0000'),
('avinpratama@unpar.ac.id','15051804190012','0013','0000'),
('avinpratama@unpar.ac.id','15051804210012','0013','0000'),
('nhafisah@unpar.ac.id','15051804190012','0013','0000'),
('nhafisah@unpar.ac.id','15051804230012','0013','0000'),
('publikasi@unpar.ac.id','15051804210012','0013','0704'),
('ridoy.sirait@unpar.ac.id','15051804190012','0013','0506'),
('ridoy.sirait@unpar.ac.id','15051804210012','0013','0506'),
('ridoy.sirait@unpar.ac.id','15051804230012','0013','0500'),
('rudibherdiana@unpar.ac.id','15051804190012','0013','0000'),
('tigor.nugroho@unpar.ac.id','15051804210012','0013','0300'),
('yuliaty@unpar.ac.id','15051804190012','0013','0000'),
('yuliaty@unpar.ac.id','15051804230012','0013','0000');

/*Table structure for table `VW_GROUP_ACL` */

DROP TABLE IF EXISTS `VW_GROUP_ACL`;

/*!50001 DROP VIEW IF EXISTS `VW_GROUP_ACL` */;
/*!50001 DROP TABLE IF EXISTS `VW_GROUP_ACL` */;

/*!50001 CREATE TABLE  `VW_GROUP_ACL`(
 `V_USERNAME` varchar(100) ,
 `V_KODE_UNIT` char(4) ,
 `V_GROUP_ID` varchar(42) ,
 `V_SUB_ID` varchar(36) ,
 `V_LINK` varchar(255) ,
 `V_JUDUL` varchar(255) ,
 `N_URUTAN` decimal(10,0) 
)*/;

/*Table structure for table `VW_USER_GROUP` */

DROP TABLE IF EXISTS `VW_USER_GROUP`;

/*!50001 DROP VIEW IF EXISTS `VW_USER_GROUP` */;
/*!50001 DROP TABLE IF EXISTS `VW_USER_GROUP` */;

/*!50001 CREATE TABLE  `VW_USER_GROUP`(
 `V_USERNAME` varchar(100) ,
 `V_GROUP_NAME` varchar(100) ,
 `V_GROUP_ID` varchar(14) ,
 `V_KODE_UNIT` char(4) 
)*/;

/*View structure for view VW_GROUP_ACL */

/*!50001 DROP TABLE IF EXISTS `VW_GROUP_ACL` */;
/*!50001 DROP VIEW IF EXISTS `VW_GROUP_ACL` */;

/*!50001 CREATE ALGORITHM=UNDEFINED SQL SECURITY DEFINER VIEW `VW_GROUP_ACL` AS select `SIS_USER_GROUP`.`V_USERNAME` AS `V_USERNAME`,`SIS_USER_GROUP`.`V_KODE_UNIT` AS `V_KODE_UNIT`,`SIS_ACL`.`V_GROUP_ID` AS `V_GROUP_ID`,`SIS_ACL`.`V_SUB_ID` AS `V_SUB_ID`,`SIS_MENU`.`V_LINK` AS `V_LINK`,`SIS_MENU`.`V_JUDUL` AS `V_JUDUL`,`SIS_MENU`.`N_URUTAN` AS `N_URUTAN` from ((`SIS_USER_GROUP` join `SIS_ACL` on((`SIS_ACL`.`V_GROUP_ID` = `SIS_USER_GROUP`.`V_GROUP_ID`))) join `SIS_MENU` on((`SIS_ACL`.`V_SUB_ID` = concat(`SIS_MENU`.`V_SUB1_ID`,`SIS_MENU`.`V_SUB2_ID`,`SIS_MENU`.`V_SUB3_ID`,`SIS_MENU`.`V_SUB4_ID`,`SIS_MENU`.`V_SUB5_ID`,`SIS_MENU`.`V_SUB6_ID`)))) */;

/*View structure for view VW_USER_GROUP */

/*!50001 DROP TABLE IF EXISTS `VW_USER_GROUP` */;
/*!50001 DROP VIEW IF EXISTS `VW_USER_GROUP` */;

/*!50001 CREATE ALGORITHM=UNDEFINED SQL SECURITY DEFINER VIEW `VW_USER_GROUP` AS select `SIS_USER_GROUP`.`V_USERNAME` AS `V_USERNAME`,`SIS_GROUP`.`V_GROUP_NAME` AS `V_GROUP_NAME`,`SIS_GROUP`.`V_GROUP_ID` AS `V_GROUP_ID`,`SIS_USER_GROUP`.`V_KODE_UNIT` AS `V_KODE_UNIT` from (`SIS_USER_GROUP` join `SIS_GROUP` on((`SIS_GROUP`.`V_GROUP_ID` = `SIS_USER_GROUP`.`V_GROUP_ID`))) */;

/*!40101 SET SQL_MODE=@OLD_SQL_MODE */;
/*!40014 SET FOREIGN_KEY_CHECKS=@OLD_FOREIGN_KEY_CHECKS */;
/*!40014 SET UNIQUE_CHECKS=@OLD_UNIQUE_CHECKS */;
/*!40111 SET SQL_NOTES=@OLD_SQL_NOTES */;
